{
  "length": {
    "km": {"hm": 10, "dam": 100, "m": 1000, "dm": 10000, "cm": 100000, "mm": 1000000},
    "hm": {"km": 0.1, "dam": 10, "m": 100, "dm": 1000, "cm": 10000, "mm": 100000},
    "dam": {"km": 0.01, "hm": 0.1, "m": 10, "dm": 100, "cm": 1000, "mm": 10000},
    "m": {"km": 0.001, "hm": 0.01, "dam": 0.1, "dm": 10, "cm": 100, "mm": 1000},
    "dm": {"km": 0.0001, "hm": 0.001, "dam": 0.01, "m": 0.1, "cm": 10, "mm": 100},
    "cm": {"km": 0.00001, "hm": 0.0001, "dam": 0.001, "m": 0.01, "dm": 0.1, "mm": 10},
    "mm": {"km": 0.000001, "hm": 0.00001, "dam": 0.0001, "m": 0.001, "dm": 0.01, "cm": 0.1}
  },
  "time": {
    "h": {"min": 60, "s": 3600},
    "min": {"h": 0.0167, "s": 60},
    "s": {"h": 0.000278, "min": 0.0167}
  },

}